{"bounds":{"east":113.992899375172,"north":22.6084426315289,"south":22.6032565426972,"west":113.986066480458},"contentType":"image/png","latLonBounds":{"east":113.992899375172,"north":22.6084426315289,"south":22.6032565426972,"west":113.986066480458},"maxzoom":22,"minzoom":0,"proj":3857,"tiletrans":"google","type":"image","ziped":false}